id,name,office,role,state,county_or_region,jurisdiction,website,email,phone,source_file,source_row_number,notes
al-7ee5e4d5a5d2fcea,Kevin P. Davidson,"U.S. Attorney's Office, Middle District of Alabama",U.S. Attorney,AL,,Middle District of Alabama,https://www.justice.gov/usao-mdal,,,us-attorneys-doj-2026.csv,1,"Source: justice.gov/usao/us-attorneys-listing (updated Feb 10, 2026). Appointment status: Acting United States Attorney."
al-5bd8f7cf886309f1,Prim F. Escalona,"U.S. Attorney's Office, Northern District of Alabama",U.S. Attorney,AL,,Northern District of Alabama,https://www.justice.gov/usao-ndal,,,us-attorneys-doj-2026.csv,2,"Source: justice.gov/usao/us-attorneys-listing (updated Feb 10, 2026). Appointment status: Interim United States Attorney."
al-72918f509e998f91,Sean Costello,"U.S. Attorney's Office, Southern District of Alabama",U.S. Attorney,AL,,Southern District of Alabama,https://www.justice.gov/usao-sdal,,,us-attorneys-doj-2026.csv,3,"Source: justice.gov/usao/us-attorneys-listing (updated Feb 10, 2026). Appointment status: Interim United States Attorney."
ak-9a68bfdc9c39beeb,Michael J. Heyman,"U.S. Attorney's Office, Alaska",U.S. Attorney,AK,,Alaska,https://www.justice.gov/usao-ak,,,us-attorneys-doj-2026.csv,4,"Source: justice.gov/usao/us-attorneys-listing (updated Feb 10, 2026). Appointment status: Interim United States Attorney."
az-32988ea7c2cfe463,Timothy Courchaine,"U.S. Attorney's Office, Arizona",U.S. Attorney,AZ,,Arizona,https://www.justice.gov/usao-az,,,us-attorneys-doj-2026.csv,5,"Source: justice.gov/usao/us-attorneys-listing (updated Feb 10, 2026). Appointment status: Interim United States Attorney."
ar-7c5da2db8c4e1f5e,Jonathan D. Ross,"U.S. Attorney's Office, Eastern District of Arkansas",U.S. Attorney,AR,,Eastern District of Arkansas,https://www.justice.gov/usao-edar,,,us-attorneys-doj-2026.csv,6,"Source: justice.gov/usao/us-attorneys-listing (updated Feb 10, 2026). Appointment status: Interim United States Attorney."
ar-35b7fc5fe53b4a88,Kim Harris,"U.S. Attorney's Office, Western District of Arkansas",U.S. Attorney,AR,,Western District of Arkansas,https://www.justice.gov/usao-wdar,,,us-attorneys-doj-2026.csv,7,"Source: justice.gov/usao/us-attorneys-listing (updated Feb 10, 2026). Appointment status: Interim United States Attorney."
ca-ea96e2bd5f3f1d71,Bilal A. Essayli,"U.S. Attorney's Office, Central District of California",U.S. Attorney,CA,,Central District of California,https://www.justice.gov/usao-cd,,,us-attorneys-doj-2026.csv,8,"Source: justice.gov/usao/us-attorneys-listing (updated Feb 10, 2026). Appointment status: Office Leader (Other)."
ca-bcf52c44cd841010,Eric Grant,"U.S. Attorney's Office, Eastern District of California",U.S. Attorney,CA,,Eastern District of California,https://www.justice.gov/usao-ed,,,us-attorneys-doj-2026.csv,9,"Source: justice.gov/usao/us-attorneys-listing (updated Feb 10, 2026). Appointment status: Interim United States Attorney."
ca-af44c81c1a143a8e,Craig H. Missakian,"U.S. Attorney's Office, Northern District of California",U.S. Attorney,CA,,Northern District of California,https://www.justice.gov/usao-nd,,,us-attorneys-doj-2026.csv,10,"Source: justice.gov/usao/us-attorneys-listing (updated Feb 10, 2026). Appointment status: Interim United States Attorney."
ca-4ab447a317fb9f89,Adam Gordon,"U.S. Attorney's Office, Southern District of California",U.S. Attorney,CA,,Southern District of California,https://www.justice.gov/usao-sd,,,us-attorneys-doj-2026.csv,11,"Source: justice.gov/usao/us-attorneys-listing (updated Feb 10, 2026). Appointment status: Interim United States Attorney."
co-20debbf99da8a599,Peter McNeilly,"U.S. Attorney's Office, Colorado",U.S. Attorney,CO,,Colorado,https://www.justice.gov/usao-co,,,us-attorneys-doj-2026.csv,12,"Source: justice.gov/usao/us-attorneys-listing (updated Feb 10, 2026). Appointment status: Interim United States Attorney."
ct-54b9914d4a34bb92,David X. Sullivan,"U.S. Attorney's Office, Connecticut",U.S. Attorney,CT,,Connecticut,https://www.justice.gov/usao-ct,,,us-attorneys-doj-2026.csv,13,"Source: justice.gov/usao/us-attorneys-listing (updated Feb 10, 2026). Appointment status: Interim United States Attorney."
de-e322adbf54373ced,Ben Wallace,"U.S. Attorney's Office, Delaware",U.S. Attorney,DE,,Delaware,https://www.justice.gov/usao-de,,,us-attorneys-doj-2026.csv,14,"Source: justice.gov/usao/us-attorneys-listing (updated Feb 10, 2026). Appointment status: Interim United States Attorney."
dc-4e0e48c3df38163b,Jeanine Ferris Pirro,"U.S. Attorney's Office, District of Columbia",U.S. Attorney,DC,,District of Columbia,https://www.justice.gov/usao-d,,,us-attorneys-doj-2026.csv,15,"Source: justice.gov/usao/us-attorneys-listing (updated Feb 10, 2026). Appointment status: Presidentially Appointed (The Honorable)."
fl-eaee2e3a51522a2e,Gregory Kehoe,"U.S. Attorney's Office, Middle District of Florida",U.S. Attorney,FL,,Middle District of Florida,https://www.justice.gov/usao-mdfl,,,us-attorneys-doj-2026.csv,16,"Source: justice.gov/usao/us-attorneys-listing (updated Feb 10, 2026). Appointment status: Interim United States Attorney."
fl-6d5517f432d46b25,John P. Heekin,"U.S. Attorney's Office, Northern District of Florida",U.S. Attorney,FL,,Northern District of Florida,https://www.justice.gov/usao-ndfl,,,us-attorneys-doj-2026.csv,17,"Source: justice.gov/usao/us-attorneys-listing (updated Feb 10, 2026). Appointment status: Presidentially Appointed (The Honorable)."
fl-4cca3772a53aac88,Jason A. Reding Quinones,"U.S. Attorney's Office, Southern District of Florida",U.S. Attorney,FL,,Southern District of Florida,https://www.justice.gov/usao-sdfl,,,us-attorneys-doj-2026.csv,18,"Source: justice.gov/usao/us-attorneys-listing (updated Feb 10, 2026). Appointment status: Presidentially Appointed (The Honorable)."
ga-1e98eb9d321da5df,William R. Keyes,"U.S. Attorney's Office, Middle District of Georgia",U.S. Attorney,GA,,Middle District of Georgia,https://www.justice.gov/usao-mdg,,,us-attorneys-doj-2026.csv,19,"Source: justice.gov/usao/us-attorneys-listing (updated Feb 10, 2026). Appointment status: Interim United States Attorney."
ga-41e29acb35823d1f,Theodore S. Hertzberg,"U.S. Attorney's Office, Northern District of Georgia",U.S. Attorney,GA,,Northern District of Georgia,https://www.justice.gov/usao-ndg,,,us-attorneys-doj-2026.csv,20,"Source: justice.gov/usao/us-attorneys-listing (updated Feb 10, 2026). Appointment status: Interim United States Attorney."
ga-8de283f04f4b5cf9,Meg E. Heap,"U.S. Attorney's Office, Southern District of Georgia",U.S. Attorney,GA,,Southern District of Georgia,https://www.justice.gov/usao-sdg,,,us-attorneys-doj-2026.csv,21,"Source: justice.gov/usao/us-attorneys-listing (updated Feb 10, 2026). Appointment status: Interim United States Attorney."
gu-957cb043ef175671,Shawn N. Anderson,"U.S. Attorney's Office, Guam & Northern Mariana Islands",U.S. Attorney,GU,,Guam & Northern Mariana Islands,https://www.justice.gov/usao-gu,,,us-attorneys-doj-2026.csv,22,"Source: justice.gov/usao/us-attorneys-listing (updated Feb 10, 2026). Appointment status: Interim United States Attorney."
hi-0bd5fdcf7dd93ff9,Kenneth M. Sorenson,"U.S. Attorney's Office, Hawaii",U.S. Attorney,HI,,Hawaii,https://www.justice.gov/usao-hi,,,us-attorneys-doj-2026.csv,23,"Source: justice.gov/usao/us-attorneys-listing (updated Feb 10, 2026). Appointment status: Interim United States Attorney."
id-95db1a9f8b5ab3ae,Bart Davis,"U.S. Attorney's Office, Idaho",U.S. Attorney,ID,,Idaho,https://www.justice.gov/usao-id,,,us-attorneys-doj-2026.csv,24,"Source: justice.gov/usao/us-attorneys-listing (updated Feb 10, 2026). Appointment status: Presidentially Appointed (The Honorable)."
il-f44c224ab733a469,Gregory M. Gilmore,"U.S. Attorney's Office, Central District of Illinois",U.S. Attorney,IL,,Central District of Illinois,https://www.justice.gov/usao-cdil,,,us-attorneys-doj-2026.csv,25,"Source: justice.gov/usao/us-attorneys-listing (updated Feb 10, 2026). Appointment status: Acting United States Attorney."
il-4110d3ff4758169a,Andrew S. Boutros,"U.S. Attorney's Office, Northern District of Illinois",U.S. Attorney,IL,,Northern District of Illinois,https://www.justice.gov/usao-ndil,,,us-attorneys-doj-2026.csv,26,"Source: justice.gov/usao/us-attorneys-listing (updated Feb 10, 2026). Appointment status: Interim United States Attorney."
il-85074f07bc9c96d0,Steven D. Weinhoeft,"U.S. Attorney's Office, Southern District of Illinois",U.S. Attorney,IL,,Southern District of Illinois,https://www.justice.gov/usao-sdil,,,us-attorneys-doj-2026.csv,27,"Source: justice.gov/usao/us-attorneys-listing (updated Feb 10, 2026). Appointment status: Interim United States Attorney."
in-9216082d4fb30893,Adam Mildred,"U.S. Attorney's Office, Northern District of Indiana",U.S. Attorney,IN,,Northern District of Indiana,https://www.justice.gov/usao-ndin,,,us-attorneys-doj-2026.csv,28,"Source: justice.gov/usao/us-attorneys-listing (updated Feb 10, 2026). Appointment status: Presidentially Appointed (The Honorable)."
in-cb1d4182be063d4f,Tom Wheeler,"U.S. Attorney's Office, Southern District of Indiana",U.S. Attorney,IN,,Southern District of Indiana,https://www.justice.gov/usao-sdin,,,us-attorneys-doj-2026.csv,29,"Source: justice.gov/usao/us-attorneys-listing (updated Feb 10, 2026). Appointment status: Presidentially Appointed (The Honorable)."
ia-43bae60cd0c844b8,Leif Olson,"U.S. Attorney's Office, Northern District of Iowa",U.S. Attorney,IA,,Northern District of Iowa,https://www.justice.gov/usao-ndi,,,us-attorneys-doj-2026.csv,30,"Source: justice.gov/usao/us-attorneys-listing (updated Feb 10, 2026). Appointment status: Presidentially Appointed (The Honorable)."
ia-3200fec8b8faa73d,David Waterman,"U.S. Attorney's Office, Southern District of Iowa",U.S. Attorney,IA,,Southern District of Iowa,https://www.justice.gov/usao-sdi,,,us-attorneys-doj-2026.csv,31,"Source: justice.gov/usao/us-attorneys-listing (updated Feb 10, 2026). Appointment status: Presidentially Appointed (The Honorable)."
ks-afc16d3b7ede6a69,Ryan Kriegshauser,"U.S. Attorney's Office, Kansas",U.S. Attorney,KS,,Kansas,https://www.justice.gov/usao-ks,,,us-attorneys-doj-2026.csv,32,"Source: justice.gov/usao/us-attorneys-listing (updated Feb 10, 2026). Appointment status: Presidentially Appointed (The Honorable)."
ky-6c847f3d439908de,Paul McCaffrey,"U.S. Attorney's Office, Eastern District of Kentucky",U.S. Attorney,KY,,Eastern District of Kentucky,https://www.justice.gov/usao-edky,,,us-attorneys-doj-2026.csv,33,"Source: justice.gov/usao/us-attorneys-listing (updated Feb 10, 2026). Appointment status: Office Leader (Other)."
ky-6144320538f9ca3c,Kyle G. Bumgarner,"U.S. Attorney's Office, Western District of Kentucky",U.S. Attorney,KY,,Western District of Kentucky,https://www.justice.gov/usao-wdky,,,us-attorneys-doj-2026.csv,34,"Source: justice.gov/usao/us-attorneys-listing (updated Feb 10, 2026). Appointment status: Interim United States Attorney."
la-6afcd6c0b3e0f158,David I. Courcelle,"U.S. Attorney's Office, Eastern District of Louisiana",U.S. Attorney,LA,,Eastern District of Louisiana,https://www.justice.gov/usao-edl,,,us-attorneys-doj-2026.csv,35,"Source: justice.gov/usao/us-attorneys-listing (updated Feb 10, 2026). Appointment status: Presidentially Appointed (The Honorable)."
la-b1d6c0eb62f02bca,Kurt Wall,"U.S. Attorney's Office, Middle District of Louisiana",U.S. Attorney,LA,,Middle District of Louisiana,https://www.justice.gov/usao-mdl,,,us-attorneys-doj-2026.csv,36,"Source: justice.gov/usao/us-attorneys-listing (updated Feb 10, 2026). Appointment status: Presidentially Appointed (The Honorable)."
la-752f016f64c02fd6,Zachary Keller,"U.S. Attorney's Office, Western District of Louisiana",U.S. Attorney,LA,,Western District of Louisiana,https://www.justice.gov/usao-wdl,,,us-attorneys-doj-2026.csv,37,"Source: justice.gov/usao/us-attorneys-listing (updated Feb 10, 2026). Appointment status: Interim United States Attorney."
me-736cc4f735f1e783,Andrew Benson,"U.S. Attorney's Office, Maine",U.S. Attorney,ME,,Maine,https://www.justice.gov/usao-me,,,us-attorneys-doj-2026.csv,38,"Source: justice.gov/usao/us-attorneys-listing (updated Feb 10, 2026). Appointment status: Interim United States Attorney."
md-468cdc9f8e5b0b11,Kelly O. Hayes,"U.S. Attorney's Office, Maryland",U.S. Attorney,MD,,Maryland,https://www.justice.gov/usao-md,,,us-attorneys-doj-2026.csv,39,"Source: justice.gov/usao/us-attorneys-listing (updated Feb 10, 2026). Appointment status: Interim United States Attorney."
ma-6c6373e90a95a777,Leah Foley,"U.S. Attorney's Office, Massachusetts",U.S. Attorney,MA,,Massachusetts,https://www.justice.gov/usao-m,,,us-attorneys-doj-2026.csv,40,"Source: justice.gov/usao/us-attorneys-listing (updated Feb 10, 2026). Appointment status: Interim United States Attorney."
mi-302392d9fbafc1d6,Jerome F. Gorgon Jr.,"U.S. Attorney's Office, Eastern District of Michigan",U.S. Attorney,MI,,Eastern District of Michigan,https://www.justice.gov/usao-edmi,,,us-attorneys-doj-2026.csv,41,"Source: justice.gov/usao/us-attorneys-listing (updated Feb 10, 2026). Appointment status: Presidentially Appointed (The Honorable)."
mi-e77215090e93f53e,Timothy VerHey,"U.S. Attorney's Office, Western District of Michigan",U.S. Attorney,MI,,Western District of Michigan,https://www.justice.gov/usao-wdmi,,,us-attorneys-doj-2026.csv,42,"Source: justice.gov/usao/us-attorneys-listing (updated Feb 10, 2026). Appointment status: Interim United States Attorney."
mn-87f9efa8ce762199,Daniel Rosen,"U.S. Attorney's Office, Minnesota",U.S. Attorney,MN,,Minnesota,https://www.justice.gov/usao-mn,,,us-attorneys-doj-2026.csv,43,"Source: justice.gov/usao/us-attorneys-listing (updated Feb 10, 2026). Appointment status: Presidentially Appointed (The Honorable)."
ms-f152e4e72c2d3e04,Scott Leary,"U.S. Attorney's Office, Northern District of Mississippi",U.S. Attorney,MS,,Northern District of Mississippi,https://www.justice.gov/usao-ndms,,,us-attorneys-doj-2026.csv,44,"Source: justice.gov/usao/us-attorneys-listing (updated Feb 10, 2026). Appointment status: Presidentially Appointed (The Honorable)."
ms-5d7a5f773eea9575,Baxter Kruger,"U.S. Attorney's Office, Southern District of Mississippi",U.S. Attorney,MS,,Southern District of Mississippi,https://www.justice.gov/usao-sdms,,,us-attorneys-doj-2026.csv,45,"Source: justice.gov/usao/us-attorneys-listing (updated Feb 10, 2026). Appointment status: Presidentially Appointed (The Honorable)."
mo-71b51581d0665fe2,Thomas Albus,"U.S. Attorney's Office, Eastern District of Missouri",U.S. Attorney,MO,,Eastern District of Missouri,https://www.justice.gov/usao-edmo,,,us-attorneys-doj-2026.csv,46,"Source: justice.gov/usao/us-attorneys-listing (updated Feb 10, 2026). Appointment status: Presidentially Appointed (The Honorable)."
mo-8ff7eef29f3ddb45,R. Matthew Price,"U.S. Attorney's Office, Western District of Missouri",U.S. Attorney,MO,,Western District of Missouri,https://www.justice.gov/usao-wdmo,,,us-attorneys-doj-2026.csv,47,"Source: justice.gov/usao/us-attorneys-listing (updated Feb 10, 2026). Appointment status: Interim United States Attorney."
mt-4fd0473716ec0dc2,Kurt G. Alme,"U.S. Attorney's Office, Montana",U.S. Attorney,MT,,Montana,https://www.justice.gov/usao-mt,,,us-attorneys-doj-2026.csv,48,"Source: justice.gov/usao/us-attorneys-listing (updated Feb 10, 2026). Appointment status: Presidentially Appointed (The Honorable)."
ne-84114963716003ed,Lesley Woods,"U.S. Attorney's Office, Nebraska",U.S. Attorney,NE,,Nebraska,https://www.justice.gov/usao-ne,,,us-attorneys-doj-2026.csv,49,"Source: justice.gov/usao/us-attorneys-listing (updated Feb 10, 2026). Appointment status: Presidentially Appointed (The Honorable)."
nv-6d51ca21c1dc9f6c,Sigal Chattah,"U.S. Attorney's Office, Nevada",U.S. Attorney,NV,,Nevada,https://www.justice.gov/usao-nv,,,us-attorneys-doj-2026.csv,50,"Source: justice.gov/usao/us-attorneys-listing (updated Feb 10, 2026). Appointment status: Office Leader (Other)."
nh-2328ecc25a873553,Erin Creegan,"U.S. Attorney's Office, New Hampshire",U.S. Attorney,NH,,New Hampshire,https://www.justice.gov/usao-nh,,,us-attorneys-doj-2026.csv,51,"Source: justice.gov/usao/us-attorneys-listing (updated Feb 10, 2026). Appointment status: Presidentially Appointed (The Honorable)."
nj-934a8e032ce78747,Jordan Fox,"U.S. Attorney's Office, New Jersey",U.S. Attorney,NJ,,New Jersey,https://www.justice.gov/usao-nj,,,us-attorneys-doj-2026.csv,52,"Source: justice.gov/usao/us-attorneys-listing (updated Feb 10, 2026). Appointment status: Office Leader (Other)."
nj-80a6e4b36b4fa84f,Philip Lamparello,"U.S. Attorney's Office, New Jersey",U.S. Attorney,NJ,,New Jersey,https://www.justice.gov/usao-nj,,,us-attorneys-doj-2026.csv,53,"Source: justice.gov/usao/us-attorneys-listing (updated Feb 10, 2026). Appointment status: Office Leader (Other)."
nj-1b2a6483e2526d53,Ari Fontecchio,"U.S. Attorney's Office, New Jersey",U.S. Attorney,NJ,,New Jersey,https://www.justice.gov/usao-nj,,,us-attorneys-doj-2026.csv,54,"Source: justice.gov/usao/us-attorneys-listing (updated Feb 10, 2026). Appointment status: Office Leader (Other)."
nm-4a62228b3b8376cd,Ryan Ellison,"U.S. Attorney's Office, New Mexico",U.S. Attorney,NM,,New Mexico,https://www.justice.gov/usao-nm,,,us-attorneys-doj-2026.csv,55,"Source: justice.gov/usao/us-attorneys-listing (updated Feb 10, 2026). Appointment status: Office Leader (Other)."
ny-03e0c8afc0a1b8b1,Joseph Nocella Jr.,"U.S. Attorney's Office, Eastern District of New York",U.S. Attorney,NY,,Eastern District of New York,https://www.justice.gov/usao-edny,,,us-attorneys-doj-2026.csv,56,"Source: justice.gov/usao/us-attorneys-listing (updated Feb 10, 2026). Appointment status: Interim United States Attorney."
ny-6ca9ca3f3725fc05,John Sarcone,"U.S. Attorney's Office, Northern District of New York",U.S. Attorney,NY,,Northern District of New York,https://www.justice.gov/usao-ndny,,,us-attorneys-doj-2026.csv,57,"Source: justice.gov/usao/us-attorneys-listing (updated Feb 10, 2026). Appointment status: Office Leader (Other)."
ny-88e232e24aa64eb9,Jay Clayton,"U.S. Attorney's Office, Southern District of New York",U.S. Attorney,NY,,Southern District of New York,https://www.justice.gov/usao-sdny,,,us-attorneys-doj-2026.csv,58,"Source: justice.gov/usao/us-attorneys-listing (updated Feb 10, 2026). Appointment status: Interim United States Attorney."
ny-544f72fe1538e851,Michael DiGiacomo,"U.S. Attorney's Office, Western District of New York",U.S. Attorney,NY,,Western District of New York,https://www.justice.gov/usao-wdny,,,us-attorneys-doj-2026.csv,59,"Source: justice.gov/usao/us-attorneys-listing (updated Feb 10, 2026). Appointment status: Interim United States Attorney."
nc-e96d3e10b745bbe4,William Ellis Boyle,"U.S. Attorney's Office, Eastern District of North Carolina",U.S. Attorney,NC,,Eastern District of North Carolina,https://www.justice.gov/usao-edn,,,us-attorneys-doj-2026.csv,60,"Source: justice.gov/usao/us-attorneys-listing (updated Feb 10, 2026). Appointment status: Interim United States Attorney."
nc-f353fd1c115e8bef,Dan Bishop,"U.S. Attorney's Office, Middle District of North Carolina",U.S. Attorney,NC,,Middle District of North Carolina,https://www.justice.gov/usao-mdn,,,us-attorneys-doj-2026.csv,61,"Source: justice.gov/usao/us-attorneys-listing (updated Feb 10, 2026). Appointment status: Interim United States Attorney."
nc-7e8d60adb50d16c0,Russ Ferguson,"U.S. Attorney's Office, Western District of North Carolina",U.S. Attorney,NC,,Western District of North Carolina,https://www.justice.gov/usao-wdn,,,us-attorneys-doj-2026.csv,62,"Source: justice.gov/usao/us-attorneys-listing (updated Feb 10, 2026). Appointment status: Presidentially Appointed (The Honorable)."
nd-8aa84f4093ab652d,Nicholas Chase,"U.S. Attorney's Office, North Dakota",U.S. Attorney,ND,,North Dakota,https://www.justice.gov/usao-nd,,,us-attorneys-doj-2026.csv,63,"Source: justice.gov/usao/us-attorneys-listing (updated Feb 10, 2026). Appointment status: Presidentially Appointed (The Honorable)."
oh-98b490dc6ac0ff0d,David Toepfer,"U.S. Attorney's Office, Northern District of Ohio",U.S. Attorney,OH,,Northern District of Ohio,https://www.justice.gov/usao-ndoh,,,us-attorneys-doj-2026.csv,64,"Source: justice.gov/usao/us-attorneys-listing (updated Feb 10, 2026). Appointment status: Presidentially Appointed (The Honorable)."
oh-231e6eebcd91186c,Dominick Gerace,"U.S. Attorney's Office, Southern District of Ohio",U.S. Attorney,OH,,Southern District of Ohio,https://www.justice.gov/usao-sdoh,,,us-attorneys-doj-2026.csv,65,"Source: justice.gov/usao/us-attorneys-listing (updated Feb 10, 2026). Appointment status: Presidentially Appointed (The Honorable)."
ok-77bda4725dba3255,Christopher Wilson,"U.S. Attorney's Office, Eastern District of Oklahoma",U.S. Attorney,OK,,Eastern District of Oklahoma,https://www.justice.gov/usao-edok,,,us-attorneys-doj-2026.csv,66,"Source: justice.gov/usao/us-attorneys-listing (updated Feb 10, 2026). Appointment status: Interim United States Attorney."
ok-24d0a0e18ad10828,Clinton J. Johnson,"U.S. Attorney's Office, Northern District of Oklahoma",U.S. Attorney,OK,,Northern District of Oklahoma,https://www.justice.gov/usao-ndok,,,us-attorneys-doj-2026.csv,67,"Source: justice.gov/usao/us-attorneys-listing (updated Feb 10, 2026). Appointment status: Interim United States Attorney."
ok-2c01e232be8c1874,Robert J. Troester,"U.S. Attorney's Office, Western District of Oklahoma",U.S. Attorney,OK,,Western District of Oklahoma,https://www.justice.gov/usao-wdok,,,us-attorneys-doj-2026.csv,68,"Source: justice.gov/usao/us-attorneys-listing (updated Feb 10, 2026). Appointment status: Interim United States Attorney."
or-112624b7a96a036e,Scott Bradford,"U.S. Attorney's Office, Oregon",U.S. Attorney,OR,,Oregon,https://www.justice.gov/usao-or,,,us-attorneys-doj-2026.csv,69,"Source: justice.gov/usao/us-attorneys-listing (updated Feb 10, 2026). Appointment status: Interim United States Attorney."
pa-90fda8bdfbb13e8d,David Metcalf,"U.S. Attorney's Office, Eastern District of Pennsylvania",U.S. Attorney,PA,,Eastern District of Pennsylvania,https://www.justice.gov/usao-edp,,,us-attorneys-doj-2026.csv,70,"Source: justice.gov/usao/us-attorneys-listing (updated Feb 10, 2026). Appointment status: Presidentially Appointed (The Honorable)."
pa-4bdcd69df10bb938,Brian Miller,"U.S. Attorney's Office, Middle District of Pennsylvania",U.S. Attorney,PA,,Middle District of Pennsylvania,https://www.justice.gov/usao-mdp,,,us-attorneys-doj-2026.csv,71,"Source: justice.gov/usao/us-attorneys-listing (updated Feb 10, 2026). Appointment status: Interim United States Attorney."
pa-a0313b70367bc8ec,Troy Rivetti,"U.S. Attorney's Office, Western District of Pennsylvania",U.S. Attorney,PA,,Western District of Pennsylvania,https://www.justice.gov/usao-wdp,,,us-attorneys-doj-2026.csv,72,"Source: justice.gov/usao/us-attorneys-listing (updated Feb 10, 2026). Appointment status: Interim United States Attorney."
pr-ef011cb5bc2f12b7,W. Stephen Muldrow,"U.S. Attorney's Office, Puerto Rico",U.S. Attorney,PR,,Puerto Rico,https://www.justice.gov/usao-pr,,,us-attorneys-doj-2026.csv,73,"Source: justice.gov/usao/us-attorneys-listing (updated Feb 10, 2026). Appointment status: Presidentially Appointed (The Honorable)."
ri-c9db66b2fbd149e2,Charles Calenda,"U.S. Attorney's Office, Rhode Island",U.S. Attorney,RI,,Rhode Island,https://www.justice.gov/usao-ri,,,us-attorneys-doj-2026.csv,74,"Source: justice.gov/usao/us-attorneys-listing (updated Feb 10, 2026). Appointment status: Interim United States Attorney."
sc-7d46713fbd18670a,Bryan P. Stirling,"U.S. Attorney's Office, South Carolina",U.S. Attorney,SC,,South Carolina,https://www.justice.gov/usao-s,,,us-attorneys-doj-2026.csv,75,"Source: justice.gov/usao/us-attorneys-listing (updated Feb 10, 2026). Appointment status: Presidentially Appointed (The Honorable)."
sd-2ed301e4b6ef910e,Ronald A. Parsons,"U.S. Attorney's Office, South Dakota",U.S. Attorney,SD,,South Dakota,https://www.justice.gov/usao-sd,,,us-attorneys-doj-2026.csv,76,"Source: justice.gov/usao/us-attorneys-listing (updated Feb 10, 2026). Appointment status: Presidentially Appointed (The Honorable)."
tn-deac6412dacdb386,Francis M. Hamilton III,"U.S. Attorney's Office, Eastern District of Tennessee",U.S. Attorney,TN,,Eastern District of Tennessee,https://www.justice.gov/usao-edtn,,,us-attorneys-doj-2026.csv,77,"Source: justice.gov/usao/us-attorneys-listing (updated Feb 10, 2026). Appointment status: Interim United States Attorney."
tn-489f5756d3472f80,Braden Boucek,"U.S. Attorney's Office, Middle District of Tennessee",U.S. Attorney,TN,,Middle District of Tennessee,https://www.justice.gov/usao-mdtn,,,us-attorneys-doj-2026.csv,78,"Source: justice.gov/usao/us-attorneys-listing (updated Feb 10, 2026). Appointment status: Presidentially Appointed (The Honorable)."
tn-7fef3e9e8f2128d8,D. Michael Dunavant,"U.S. Attorney's Office, Western District of Tennessee",U.S. Attorney,TN,,Western District of Tennessee,https://www.justice.gov/usao-wdtn,,,us-attorneys-doj-2026.csv,79,"Source: justice.gov/usao/us-attorneys-listing (updated Feb 10, 2026). Appointment status: Presidentially Appointed (The Honorable)."
tx-3afb5d7347ec0f7d,Jay R. Combs,"U.S. Attorney's Office, Eastern District of Texas",U.S. Attorney,TX,,Eastern District of Texas,https://www.justice.gov/usao-edtx,,,us-attorneys-doj-2026.csv,80,"Source: justice.gov/usao/us-attorneys-listing (updated Feb 10, 2026). Appointment status: Interim United States Attorney."
tx-9834f8cdfda8fe29,Ryan Raybould,"U.S. Attorney's Office, Northern District of Texas",U.S. Attorney,TX,,Northern District of Texas,https://www.justice.gov/usao-ndtx,,,us-attorneys-doj-2026.csv,81,"Source: justice.gov/usao/us-attorneys-listing (updated Feb 10, 2026). Appointment status: Interim United States Attorney."
tx-de16f536bceb14b9,Nicholas J. Ganjei,"U.S. Attorney's Office, Southern District of Texas",U.S. Attorney,TX,,Southern District of Texas,https://www.justice.gov/usao-sdtx,,,us-attorneys-doj-2026.csv,82,"Source: justice.gov/usao/us-attorneys-listing (updated Feb 10, 2026). Appointment status: Interim United States Attorney."
tx-fd6c15b4f6dea806,Justin R. Simmons,"U.S. Attorney's Office, Western District of Texas",U.S. Attorney,TX,,Western District of Texas,https://www.justice.gov/usao-wdtx,,,us-attorneys-doj-2026.csv,83,"Source: justice.gov/usao/us-attorneys-listing (updated Feb 10, 2026). Appointment status: Interim United States Attorney."
ut-53ba4c2f1bf2f9e9,Melissa Holyoak,"U.S. Attorney's Office, Utah",U.S. Attorney,UT,,Utah,https://www.justice.gov/usao-ut,,,us-attorneys-doj-2026.csv,84,"Source: justice.gov/usao/us-attorneys-listing (updated Feb 10, 2026). Appointment status: Interim United States Attorney."
vt-b59ad4d28fd0f054,Jon Ophardt,"U.S. Attorney's Office, Vermont",U.S. Attorney,VT,,Vermont,https://www.justice.gov/usao-vt,,,us-attorneys-doj-2026.csv,85,"Source: justice.gov/usao/us-attorneys-listing (updated Feb 10, 2026). Appointment status: Office Leader (Other)."
vi-e352d87c17b2e570,Adam F. Sleeper,"U.S. Attorney's Office, Virgin Islands",U.S. Attorney,VI,,Virgin Islands,https://www.justice.gov/usao-vi,,,us-attorneys-doj-2026.csv,86,"Source: justice.gov/usao/us-attorneys-listing (updated Feb 10, 2026). Appointment status: Presidentially Appointed (The Honorable)."
va-15d70e17b743f8fa,Frank Bradsher,"U.S. Attorney's Office, Eastern District of Virginia",U.S. Attorney,VA,,Eastern District of Virginia,https://www.justice.gov/usao-edv,,,us-attorneys-doj-2026.csv,87,"Source: justice.gov/usao/us-attorneys-listing (updated Feb 10, 2026). Appointment status: Office Leader (Other)."
va-28d5a13d3d5ca21f,Robert Tracci,"U.S. Attorney's Office, Western District of Virginia",U.S. Attorney,VA,,Western District of Virginia,https://www.justice.gov/usao-wdv,,,us-attorneys-doj-2026.csv,88,"Source: justice.gov/usao/us-attorneys-listing (updated Feb 10, 2026). Appointment status: Acting United States Attorney."
wa-4f571fe588b1eac7,Pete Serrano,"U.S. Attorney's Office, Eastern District of Washington",U.S. Attorney,WA,,Eastern District of Washington,https://www.justice.gov/usao-edw,,,us-attorneys-doj-2026.csv,89,"Source: justice.gov/usao/us-attorneys-listing (updated Feb 10, 2026). Appointment status: Office Leader (Other)."
wa-f79ddbc965692542,Neil Floyd,"U.S. Attorney's Office, Western District of Washington",U.S. Attorney,WA,,Western District of Washington,https://www.justice.gov/usao-wdw,,,us-attorneys-doj-2026.csv,90,"Source: justice.gov/usao/us-attorneys-listing (updated Feb 10, 2026). Appointment status: Office Leader (Other)."
wv-bfef5eed9f5f751c,Matthew Harvey,"U.S. Attorney's Office, Northern District of West Virginia",U.S. Attorney,WV,,Northern District of West Virginia,https://www.justice.gov/usao-ndwv,,,us-attorneys-doj-2026.csv,91,"Source: justice.gov/usao/us-attorneys-listing (updated Feb 10, 2026). Appointment status: Presidentially Appointed (The Honorable)."
wv-aef385935c1ad1ae,Moore Capito,"U.S. Attorney's Office, Southern District of West Virginia",U.S. Attorney,WV,,Southern District of West Virginia,https://www.justice.gov/usao-sdwv,,,us-attorneys-doj-2026.csv,92,"Source: justice.gov/usao/us-attorneys-listing (updated Feb 10, 2026). Appointment status: Presidentially Appointed (The Honorable)."
wi-7aa6667b51d5dc68,Brad Schimel,"U.S. Attorney's Office, Eastern District of Wisconsin",U.S. Attorney,WI,,Eastern District of Wisconsin,https://www.justice.gov/usao-edwi,,,us-attorneys-doj-2026.csv,93,"Source: justice.gov/usao/us-attorneys-listing (updated Feb 10, 2026). Appointment status: Interim United States Attorney."
wi-18afcc0143ffed5e,Chadwick Elgersma,"U.S. Attorney's Office, Western District of Wisconsin",U.S. Attorney,WI,,Western District of Wisconsin,https://www.justice.gov/usao-wdwi,,,us-attorneys-doj-2026.csv,94,"Source: justice.gov/usao/us-attorneys-listing (updated Feb 10, 2026). Appointment status: Acting United States Attorney."
wy-2e26823e5a0accfd,Darin Smith,"U.S. Attorney's Office, Wyoming",U.S. Attorney,WY,,Wyoming,https://www.justice.gov/usao-wy,,,us-attorneys-doj-2026.csv,95,"Source: justice.gov/usao/us-attorneys-listing (updated Feb 10, 2026). Appointment status: Interim United States Attorney."
